-- phpMyAdmin SQL Dump
-- version 4.8.5
-- https://www.phpmyadmin.net/
--
-- Host: 127.0.0.1
-- Generation Time: Sep 20, 2020 at 02:32 AM
-- Server version: 10.1.38-MariaDB
-- PHP Version: 7.3.3

SET SQL_MODE = "NO_AUTO_VALUE_ON_ZERO";
SET AUTOCOMMIT = 0;
START TRANSACTION;
SET time_zone = "+00:00";


/*!40101 SET @OLD_CHARACTER_SET_CLIENT=@@CHARACTER_SET_CLIENT */;
/*!40101 SET @OLD_CHARACTER_SET_RESULTS=@@CHARACTER_SET_RESULTS */;
/*!40101 SET @OLD_COLLATION_CONNECTION=@@COLLATION_CONNECTION */;
/*!40101 SET NAMES utf8mb4 */;

--
-- Database: `17.02.04.100`
--
CREATE DATABASE IF NOT EXISTS `17.02.04.100` DEFAULT CHARACTER SET latin1 COLLATE latin1_swedish_ci;
USE `17.02.04.100`;

-- --------------------------------------------------------

--
-- Table structure for table `cart`
--

CREATE TABLE `cart` (
  `p_id` int(100) NOT NULL,
  `ip_add` varchar(200) NOT NULL,
  `qty` int(100) NOT NULL,
  `size` text NOT NULL
) ENGINE=InnoDB DEFAULT CHARSET=latin1;

-- --------------------------------------------------------

--
-- Table structure for table `categories`
--

CREATE TABLE `categories` (
  `cat_id` int(100) NOT NULL,
  `cat_title` text NOT NULL,
  `cat_desc` text NOT NULL
) ENGINE=InnoDB DEFAULT CHARSET=latin1;

--
-- Dumping data for table `categories`
--

INSERT INTO `categories` (`cat_id`, `cat_title`, `cat_desc`) VALUES
(1, 'MEN', 'Here you can buy beautiful men eyeglasses and sunglasses'),
(2, 'WOMEN', 'Here you can buy beautiful women eyeglasses and sunglasses'),
(3, 'KIDS', 'Here you can buy beautiful kids eyeglasses and sunglasses'),
(4, 'OTHER', 'Here you can buy beautiful others types of eyeglasses and sunglasses');

-- --------------------------------------------------------

--
-- Table structure for table `contact`
--

CREATE TABLE `contact` (
  `contact_name` varchar(100) NOT NULL,
  `contact_email` varchar(100) NOT NULL,
  `contact_topic` varchar(100) NOT NULL,
  `contact_message` text NOT NULL
) ENGINE=InnoDB DEFAULT CHARSET=latin1;

--
-- Dumping data for table `contact`
--

INSERT INTO `contact` (`contact_name`, `contact_email`, `contact_topic`, `contact_message`) VALUES
('m', 'm@gmail.com', 'hi', 'hi'),
('a', 'a@gmail.com', 'a', 'hiiii'),
('a', 'a@gmail.com', 'a', 'hiiii'),
('a', 'a@gmail.com', 'a', 'hiiii'),
('a', 'd@gmail.com', 'aaaaaaaaaaaaaaaaaaaaaaaaaaa', 'bbbbbbbbbbbbbbbbbbbbbbbbbbbbb');

-- --------------------------------------------------------

--
-- Table structure for table `customers`
--

CREATE TABLE `customers` (
  `customer_id` int(100) NOT NULL,
  `customer_name` varchar(100) NOT NULL,
  `customer_email` varchar(100) NOT NULL,
  `customer_pass` varchar(100) NOT NULL,
  `customer_country` text NOT NULL,
  `customer_city` text NOT NULL,
  `customer_contact` varchar(100) NOT NULL,
  `customer_address` text NOT NULL,
  `customer_image` text NOT NULL,
  `customer_ip` varchar(100) NOT NULL
) ENGINE=InnoDB DEFAULT CHARSET=latin1;

--
-- Dumping data for table `customers`
--

INSERT INTO `customers` (`customer_id`, `customer_name`, `customer_email`, `customer_pass`, `customer_country`, `customer_city`, `customer_contact`, `customer_address`, `customer_image`, `customer_ip`) VALUES
(1, 'a', 'a@gmail.com', '12345', 'B', 'D', '012345678910', 'D', '5d52fa1d82fe6_thumb900.jpg', '::1');

-- --------------------------------------------------------

--
-- Table structure for table `customer_orders`
--

CREATE TABLE `customer_orders` (
  `order_id` int(100) NOT NULL,
  `customer_id` int(100) NOT NULL,
  `due_amount` int(100) NOT NULL,
  `invoice_no` int(100) NOT NULL,
  `qty` int(100) NOT NULL,
  `size` text NOT NULL,
  `order_date` date NOT NULL,
  `order_status` text NOT NULL
) ENGINE=InnoDB DEFAULT CHARSET=latin1;

--
-- Dumping data for table `customer_orders`
--

INSERT INTO `customer_orders` (`order_id`, `customer_id`, `due_amount`, `invoice_no`, `qty`, `size`, `order_date`, `order_status`) VALUES
(1, 1, 1450, 240225950, 1, '', '2020-09-19', 'Complete'),
(2, 1, 1000, 236519066, 1, '', '2020-09-19', 'Complete'),
(3, 1, 600, 237399590, 1, '', '2020-09-19', 'pending'),
(4, 1, 2000, 535725919, 2, 'Medium-48 mm- 55 mm', '2020-09-19', 'pending'),
(5, 1, 1900, 1934224889, 1, '', '2020-09-19', 'pending'),
(6, 1, 1000, 0, 1, '', '2020-09-19', 'pending'),
(7, 1, 600, 5352, 1, 'Medium-48 mm- 55 mm', '2020-09-19', 'pending');

-- --------------------------------------------------------

--
-- Table structure for table `payments`
--

CREATE TABLE `payments` (
  `payment_id` int(100) NOT NULL,
  `invoice_no` int(100) NOT NULL,
  `amount` int(100) NOT NULL,
  `payment_mode` text NOT NULL,
  `ref_no` varchar(100) NOT NULL,
  `code` varchar(100) NOT NULL,
  `payment_date` text NOT NULL
) ENGINE=InnoDB DEFAULT CHARSET=latin1;

--
-- Dumping data for table `payments`
--

INSERT INTO `payments` (`payment_id`, `invoice_no`, `amount`, `payment_mode`, `ref_no`, `code`, `payment_date`) VALUES
(1, 1, 500, 'Bikash', '5', '0', '02/05/2101'),
(2, 240225950, 1450, 'Bikash', '0', 'mfv0', '02/05/2101'),
(3, 236519066, 1000, 'Bikash', 'sdfg875', 'mfv0', '02/05/2101'),
(4, 1, 500, 'Bikash', 'sdfg875', 'mfv0', '02/05/2101');

-- --------------------------------------------------------

--
-- Table structure for table `pending_orders`
--

CREATE TABLE `pending_orders` (
  `order_id` int(100) NOT NULL,
  `customer_id` int(100) NOT NULL,
  `invoice_no` int(100) NOT NULL,
  `product_id` text NOT NULL,
  `qty` int(100) NOT NULL,
  `size` text NOT NULL,
  `order_status` text NOT NULL
) ENGINE=InnoDB DEFAULT CHARSET=latin1;

--
-- Dumping data for table `pending_orders`
--

INSERT INTO `pending_orders` (`order_id`, `customer_id`, `invoice_no`, `product_id`, `qty`, `size`, `order_status`) VALUES
(1, 1, 240225950, '2', 1, '', 'Complete'),
(2, 1, 236519066, '5', 1, '', 'Complete'),
(3, 1, 237399590, '6', 1, '', 'pending'),
(4, 1, 535725919, '5', 2, 'Medium-48 mm- 55 mm', 'pending'),
(5, 1, 1934224889, '1', 1, '', 'pending'),
(6, 1, 0, '5', 1, '', 'pending'),
(7, 1, 5352, '6', 1, 'Medium-48 mm- 55 mm', 'pending');

-- --------------------------------------------------------

--
-- Table structure for table `products`
--

CREATE TABLE `products` (
  `product_id` int(100) NOT NULL,
  `p_cat_id` int(100) NOT NULL,
  `cat_id` int(100) NOT NULL,
  `date` timestamp NOT NULL DEFAULT CURRENT_TIMESTAMP ON UPDATE CURRENT_TIMESTAMP,
  `product_title` text NOT NULL,
  `product_img1` text NOT NULL,
  `product_img2` text NOT NULL,
  `product_img3` text NOT NULL,
  `product_price` int(100) NOT NULL,
  `product_keywords` text NOT NULL,
  `product_desc` text NOT NULL
) ENGINE=InnoDB DEFAULT CHARSET=latin1;

--
-- Dumping data for table `products`
--

INSERT INTO `products` (`product_id`, `p_cat_id`, `cat_id`, `date`, `product_title`, `product_img1`, `product_img2`, `product_img3`, `product_price`, `product_keywords`, `product_desc`) VALUES
(1, 2, 2, '2020-09-18 16:54:52', 'TomFord Woman Sunglasses', 'new1.jpg', 'new2.jpg', 'new3.jpg', 1900, 'SUNGLASSES', 'This Tom Ford Woman Sunglasses just arrived here.'),
(2, 2, 1, '2020-09-18 14:20:43', 'Square Frame Man Sunglasses', 'n1.jpg', 'n2.jpg', 'n3.jpg', 1450, 'SUNGLASSES', 'This Square Frame Man Sunglasses just arrived here. Very flexible sunglass.'),
(3, 1, 1, '2020-09-18 14:25:43', 'Gunmetal Man Eyeglasses', 'new7.jpg', 'new6 - Copy.jpg', 'new6.jpg', 500, 'EYEGLASSES', 'This Gunmetal Man Eyeglasses is very unique and very flexible. '),
(4, 1, 3, '2020-09-18 14:34:36', 'Kid\'s Batman Black Eyeglasses', 'pic9.jpg', 'pic10.jpg', 'pic11.jpg', 1000, 'EYEGLASSES', 'This Batman Eyeglasses are very flexible. '),
(5, 2, 4, '2020-09-18 14:38:29', 'Wooden full frame sunglasses', 'new4 - Copy.jpeg', 'new5.jpeg', 'new4.jpeg', 1000, 'SUNGLASSES', 'This wooden full frame sunglasses full body made with wood'),
(6, 1, 4, '2020-09-18 14:44:05', 'Half Frame Metal Eyeglasses', 'new10 - Copy.jpg', 'new9.jpg', 'new10.jpg', 600, 'EYEGLASSES', 'This Half Frame Metal Eyeglasses are vision aids.');

-- --------------------------------------------------------

--
-- Table structure for table `product_categories`
--

CREATE TABLE `product_categories` (
  `p_cat_id` int(100) NOT NULL,
  `p_cat_title` text NOT NULL,
  `p_cat_desc` text NOT NULL
) ENGINE=InnoDB DEFAULT CHARSET=latin1;

--
-- Dumping data for table `product_categories`
--

INSERT INTO `product_categories` (`p_cat_id`, `p_cat_title`, `p_cat_desc`) VALUES
(1, 'EYEGLASSES', 'Here you can buy beautiful eyeglasses'),
(2, 'SUNGLASSES', 'Here you can buy beautiful sunglasses');

--
-- Indexes for dumped tables
--

--
-- Indexes for table `cart`
--
ALTER TABLE `cart`
  ADD PRIMARY KEY (`p_id`);

--
-- Indexes for table `categories`
--
ALTER TABLE `categories`
  ADD PRIMARY KEY (`cat_id`);

--
-- Indexes for table `customers`
--
ALTER TABLE `customers`
  ADD PRIMARY KEY (`customer_id`);

--
-- Indexes for table `customer_orders`
--
ALTER TABLE `customer_orders`
  ADD PRIMARY KEY (`order_id`);

--
-- Indexes for table `payments`
--
ALTER TABLE `payments`
  ADD PRIMARY KEY (`payment_id`);

--
-- Indexes for table `pending_orders`
--
ALTER TABLE `pending_orders`
  ADD PRIMARY KEY (`order_id`);

--
-- Indexes for table `products`
--
ALTER TABLE `products`
  ADD PRIMARY KEY (`product_id`);

--
-- Indexes for table `product_categories`
--
ALTER TABLE `product_categories`
  ADD PRIMARY KEY (`p_cat_id`);

--
-- AUTO_INCREMENT for dumped tables
--

--
-- AUTO_INCREMENT for table `categories`
--
ALTER TABLE `categories`
  MODIFY `cat_id` int(100) NOT NULL AUTO_INCREMENT, AUTO_INCREMENT=5;

--
-- AUTO_INCREMENT for table `customers`
--
ALTER TABLE `customers`
  MODIFY `customer_id` int(100) NOT NULL AUTO_INCREMENT, AUTO_INCREMENT=2;

--
-- AUTO_INCREMENT for table `customer_orders`
--
ALTER TABLE `customer_orders`
  MODIFY `order_id` int(100) NOT NULL AUTO_INCREMENT, AUTO_INCREMENT=8;

--
-- AUTO_INCREMENT for table `payments`
--
ALTER TABLE `payments`
  MODIFY `payment_id` int(100) NOT NULL AUTO_INCREMENT, AUTO_INCREMENT=5;

--
-- AUTO_INCREMENT for table `pending_orders`
--
ALTER TABLE `pending_orders`
  MODIFY `order_id` int(100) NOT NULL AUTO_INCREMENT, AUTO_INCREMENT=8;

--
-- AUTO_INCREMENT for table `products`
--
ALTER TABLE `products`
  MODIFY `product_id` int(100) NOT NULL AUTO_INCREMENT, AUTO_INCREMENT=7;

--
-- AUTO_INCREMENT for table `product_categories`
--
ALTER TABLE `product_categories`
  MODIFY `p_cat_id` int(100) NOT NULL AUTO_INCREMENT, AUTO_INCREMENT=3;
COMMIT;

/*!40101 SET CHARACTER_SET_CLIENT=@OLD_CHARACTER_SET_CLIENT */;
/*!40101 SET CHARACTER_SET_RESULTS=@OLD_CHARACTER_SET_RESULTS */;
/*!40101 SET COLLATION_CONNECTION=@OLD_COLLATION_CONNECTION */;
